Region,Province,Municipality,Location,Postcode
Cibao Central,La Vega,Constanza,Constanza,41000
Cibao Central,La Vega,Constanza,La Sabina,41000
Cibao Central,La Vega,Constanza,Tireo,41000
Cibao Central,La Vega,Jarabacoa,Buena Vista,41000
Cibao Central,La Vega,Jarabacoa,Jarabacoa,41000
Cibao Central,La Vega,Jarabacoa,Manabao,41000
Cibao Central,La Vega,Jima Abajo,Jima Abajo,41000
Cibao Central,La Vega,Jima Abajo,Rincón,41000
Cibao Central,La Vega,La Vega,El Ranchito,41000
Cibao Central,La Vega,La Vega,La Vega,41000
Cibao Central,La Vega,La Vega,Río Verde Arriba,41000
Cibao Central,Monseñor Nouel,Bonao,Arroyo Toro - Masipedro,42000
Cibao Central,Monseñor Nouel,Bonao,Bonao,42000
Cibao Central,Monseñor Nouel,Bonao,Jayaco,42000
Cibao Central,Monseñor Nouel,Bonao,Juma Bejucal,42000
Cibao Central,Monseñor Nouel,Bonao,La Salvia - Los Quemados,42000
Cibao Central,Monseñor Nouel,Bonao,Sabana del Puerto,42000
Cibao Central,Monseñor Nouel,Maimón,Maimón,42000
Cibao Central,Monseñor Nouel,Piedra Blanca,Juan Adrián,42000
Cibao Central,Monseñor Nouel,Piedra Blanca,Piedra Blanca,42000
Cibao Central,Monseñor Nouel,Piedra Blanca,Villa de Sonador,42000
Cibao Central,Sánchez Ramírez,Cevicos,La Cueva,43000
Cibao Central,Sánchez Ramírez,Cotuí,Caballero,43000
Cibao Central,Sánchez Ramírez,Cotuí,Comedero Arriba,43000
Cibao Central,Sánchez Ramírez,Cotuí,Cotuí,43000
Cibao Central,Sánchez Ramírez,Cotuí,Platanal,43000
Cibao Central,Sánchez Ramírez,Fantino,Fantino,43000
Cibao Central,Sánchez Ramírez,La Mata,Angelina,43000
Cibao Central,Sánchez Ramírez,La Mata,Hernando Alonso,43000
Cibao Central,Sánchez Ramírez,La Mata,La Bija,43000
Cibao Central,Sánchez Ramírez,La Mata,La Mata,43000
Del Valle,Azua,Azua,Azua,71000
Del Valle,Azua,Azua,Barreras,71000
Del Valle,Azua,Azua,Barro Arriba,71000
Del Valle,Azua,Azua,Clavellina,71000
Del Valle,Azua,Azua,Emma Balaguer Viuda Vallejo,71000
Del Valle,Azua,Azua,Las Barías-La Estancia,71000
Del Valle,Azua,Azua,Las Lomas,71000
Del Valle,Azua,Azua,Los Jovillos,71000
Del Valle,Azua,Azua,Puerto Viejo,71000
Del Valle,Azua,Estebanía,Estebanía,71000
Del Valle,Azua,Guayabal,Guayabal,71000
Del Valle,Azua,Las Charcas,Las Charcas,71000
Del Valle,Azua,Las Charcas,Palmar de Ocoa,71000
Del Valle,Azua,Las Yayas de Viajama,Hato Nuevo de Cortés,71000
Del Valle,Azua,Las Yayas de Viajama,Las Yayas de Viajama,71000
Del Valle,Azua,Las Yayas de Viajama,Villarpando,71000
Del Valle,Azua,Padre Las Casas,La Siembra,71000
Del Valle,Azua,Padre Las Casas,Las Lagunas,71000
Del Valle,Azua,Padre Las Casas,Los Fríos,71000
Del Valle,Azua,Padre Las Casas,Monte Bonito,71000
Del Valle,Azua,Padre Las Casas,Padre Las Casas,71000
Del Valle,Azua,Peralta,Peralta,71000
Del Valle,Azua,Pueblo Viejo,El Rosario,71000
Del Valle,Azua,Pueblo Viejo,Pueblo Viejo,71000
Del Valle,Azua,Sabana Yegua,Ganadero,71000
Del Valle,Azua,Sabana Yegua,Proyecto 2-C,71000
Del Valle,Azua,Sabana Yegua,Proyecto 4,71000
Del Valle,Azua,Sabana Yegua,Sabana Yegua,71000
Del Valle,Azua,Tábara Arriba,Amiama Gómez,71000
Del Valle,Azua,Tábara Arriba,Los Toros,71000
Del Valle,Azua,Tábara Arriba,Tábara Abajo,71000
Del Valle,Azua,Tábara Arriba,Tábara Arriba,71000
Del Valle,Elías Piña,Bánica,Bánica,73000
Del Valle,Elías Piña,Bánica,Sabana Cruz,73000
Del Valle,Elías Piña,Bánica,Sabana Higüero,73000
Del Valle,Elías Piña,Comendador,Comendador,73000
Del Valle,Elías Piña,Comendador,Guayabo,73000
Del Valle,Elías Piña,Comendador,Sabana Larga,73000
Del Valle,Elías Piña,El Llano,El Llano,73000
Del Valle,Elías Piña,El Llano,Guanito,73000
Del Valle,Elías Piña,Hondo Valle,Hondo Valle,73000
Del Valle,Elías Piña,Hondo Valle,Rancho de la Guardia,73000
Del Valle,Elías Piña,Juan Santiago,Juan Santiago,73000
Del Valle,Elías Piña,Pedro Santana,Pedro Santana,73000
Del Valle,Elías Piña,Pedro Santana,Río Limpio,73000
Del Valle,San Juan,Bohechío,Arroyo Cano,72000
Del Valle,San Juan,Bohechío,Bohechío,72000
Del Valle,San Juan,Bohechío,Yaque,72000
Del Valle,San Juan,El Cercado,Batista,72000
Del Valle,San Juan,El Cercado,Derrumbadero,72000
Del Valle,San Juan,El Cercado,El Cercado,72000
Del Valle,San Juan,Juan de Herrera,Juan de Herrera,72000
Del Valle,San Juan,Juan de Herrera,Jínova,72000
Del Valle,San Juan,Las Matas de Farfán,Carrera de Yeguas,72000
Del Valle,San Juan,Las Matas de Farfán,Las Matas de Farfán,72000
Del Valle,San Juan,Las Matas de Farfán,Matayaya,72000
Del Valle,San Juan,San Juan de la Maguana,El Rosario,72000
Del Valle,San Juan,San Juan de la Maguana,Guanito,72000
Del Valle,San Juan,San Juan de la Maguana,Hato del Padre,72000
Del Valle,San Juan,San Juan de la Maguana,La Jagua,72000
Del Valle,San Juan,San Juan de la Maguana,Las Charcas de María Nova,72000
Del Valle,San Juan,San Juan de la Maguana,Las Maguanas-Hato Nuevo,72000
Del Valle,San Juan,San Juan de la Maguana,Pedro Corto,72000
Del Valle,San Juan,San Juan de la Maguana,Sabana Alta,72000
Del Valle,San Juan,San Juan de la Maguana,Sabaneta,72000
Del Valle,San Juan,San Juan de la Maguana,San Juan,72000
Del Valle,San Juan,Vallejuelo,Jorjillo,72000
Del Valle,San Juan,Vallejuelo,Vallejuelo,72000
Distrito Nacional,Nuevo Distrito Nacional,,24 de Abril,10404
Distrito Nacional,Nuevo Distrito Nacional,,27 de Febrero,10305
Distrito Nacional,Nuevo Distrito Nacional,,30 de Mayo,10116
Distrito Nacional,Nuevo Distrito Nacional,,Agua Dulce,10305
Distrito Nacional,Nuevo Distrito Nacional,,Altos de Arroyo Hondo I,10605
Distrito Nacional,Nuevo Distrito Nacional,,Altos de Arroyo Hondo II,10506
Distrito Nacional,Nuevo Distrito Nacional,,Altos de Arroyo Hondo III,10605
Distrito Nacional,Nuevo Distrito Nacional,,Antillas,10118
Distrito Nacional,Nuevo Distrito Nacional,,Arboleda (naco),10121
Distrito Nacional,Nuevo Distrito Nacional,,Arroyo Manzano,10505
Distrito Nacional,Nuevo Distrito Nacional,,Atala,10115
Distrito Nacional,Nuevo Distrito Nacional,,Barrio Obrero,10515
Distrito Nacional,Nuevo Distrito Nacional,,Bella Vista,10111
Distrito Nacional,Nuevo Distrito Nacional,,Bella Vista,10112
Distrito Nacional,Nuevo Distrito Nacional,,Borojol,10213
Distrito Nacional,Nuevo Distrito Nacional,,Buena Vista,10505
Distrito Nacional,Nuevo Distrito Nacional,,Cachiman,10514
Distrito Nacional,Nuevo Distrito Nacional,,Capotillo,10407
Distrito Nacional,Nuevo Distrito Nacional,,Carmelita,10128
Distrito Nacional,Nuevo Distrito Nacional,,Carmen Amelia,10509
Distrito Nacional,Nuevo Distrito Nacional,,Castellana,10133
Distrito Nacional,Nuevo Distrito Nacional,,Centro de Los Heroes,10101
Distrito Nacional,Nuevo Distrito Nacional,,Centro Olimpico,10122
Distrito Nacional,Nuevo Distrito Nacional,,Cerros de Arroyo Hondo,10504
Distrito Nacional,Nuevo Distrito Nacional,,Cerros de Arroyo Hondo III,10605
Distrito Nacional,Nuevo Distrito Nacional,,Ciudad Gandera,10116
Distrito Nacional,Nuevo Distrito Nacional,,Ciudad Moderna,10135
Distrito Nacional,Nuevo Distrito Nacional,,Ciudad Nueva,10208
Distrito Nacional,Nuevo Distrito Nacional,,Ciudad Universitaria,10105
Distrito Nacional,Nuevo Distrito Nacional,,Colinas de Arroyo Hondo,10507
Distrito Nacional,Nuevo Distrito Nacional,,Colinas del Seminario,10606
Distrito Nacional,Nuevo Distrito Nacional,,Constelacion,10601
Distrito Nacional,Nuevo Distrito Nacional,,Costa Brava,10118
Distrito Nacional,Nuevo Distrito Nacional,,Cristo Rey,10501
Distrito Nacional,Nuevo Distrito Nacional,,Cuesta Brava,10505
Distrito Nacional,Nuevo Distrito Nacional,,Cuesta Hermosa,10507
Distrito Nacional,Nuevo Distrito Nacional,,Cuesta Hermosa III,10504
Distrito Nacional,Nuevo Distrito Nacional,,Domingo Savio,10304
Distrito Nacional,Nuevo Distrito Nacional,,Don Bosco,10201
Distrito Nacional,Nuevo Distrito Nacional,,Don Bosco,10202
Distrito Nacional,Nuevo Distrito Nacional,,Don Honorio,10607
Distrito Nacional,Nuevo Distrito Nacional,,El Cacique,10118
Distrito Nacional,Nuevo Distrito Nacional,,El Caliche,10501
Distrito Nacional,Nuevo Distrito Nacional,,El Condado,10607
Distrito Nacional,Nuevo Distrito Nacional,,El Embajador,10110
Distrito Nacional,Nuevo Distrito Nacional,,El Ensanchito,10411
Distrito Nacional,Nuevo Distrito Nacional,,El Manguito,10108
Distrito Nacional,Nuevo Distrito Nacional,,El Millon,10149
Distrito Nacional,Nuevo Distrito Nacional,,El Pino,10508
Distrito Nacional,Nuevo Distrito Nacional,,El Portal,10115
Distrito Nacional,Nuevo Distrito Nacional,,El Vergel,10107
Distrito Nacional,Nuevo Distrito Nacional,,Encarnacion,10135
Distrito Nacional,Nuevo Distrito Nacional,,Ensanche Espaillat,10402
Distrito Nacional,Nuevo Distrito Nacional,,Ensanche Independencia,10206
Distrito Nacional,Nuevo Distrito Nacional,,Ensanche Kennedy,10513
Distrito Nacional,Nuevo Distrito Nacional,,Ensanche La Fe,10514
Distrito Nacional,Nuevo Distrito Nacional,,Ensanche La Paz,10117
Distrito Nacional,Nuevo Distrito Nacional,,Ensanche Lugo,10209
Distrito Nacional,Nuevo Distrito Nacional,,Ensanche Luperon,10401
Distrito Nacional,Nuevo Distrito Nacional,,Ensanche Luperon,10406
Distrito Nacional,Nuevo Distrito Nacional,,Ensanche Quisqueya,10145
Distrito Nacional,Nuevo Distrito Nacional,,Ensanche Quisqueya,10146
Distrito Nacional,Nuevo Distrito Nacional,,Esperilla,10107
Distrito Nacional,Nuevo Distrito Nacional,,Esperilla,10108
Distrito Nacional,Nuevo Distrito Nacional,,Estela Marina (los Millones),10143
Distrito Nacional,Nuevo Distrito Nacional,,Evaristo Morales,10147
Distrito Nacional,Nuevo Distrito Nacional,,Fundacion,10505
Distrito Nacional,Nuevo Distrito Nacional,,Gazcue,10205
Distrito Nacional,Nuevo Distrito Nacional,,Gazcue (plaza de La Cultura),10204
Distrito Nacional,Nuevo Distrito Nacional,,Guachupita,10302
Distrito Nacional,Nuevo Distrito Nacional,,Gualey,10403
Distrito Nacional,Nuevo Distrito Nacional,,Hoduras,10117
Distrito Nacional,Nuevo Distrito Nacional,,Isabel Villas,10504
Distrito Nacional,Nuevo Distrito Nacional,,Julieta Morales,10130
Distrito Nacional,Nuevo Distrito Nacional,,La Agustina,10516
Distrito Nacional,Nuevo Distrito Nacional,,La Agustinita,10509
Distrito Nacional,Nuevo Distrito Nacional,,La Aldaba,10508
Distrito Nacional,Nuevo Distrito Nacional,,La Caridad,10410
Distrito Nacional,Nuevo Distrito Nacional,,La Ceiba,10607
Distrito Nacional,Nuevo Distrito Nacional,,La Cementera,10516
Distrito Nacional,Nuevo Distrito Nacional,,La Cienaga,10303
Distrito Nacional,Nuevo Distrito Nacional,,La Cuarenta,10502
Distrito Nacional,Nuevo Distrito Nacional,,La Esperanza,10604
Distrito Nacional,Nuevo Distrito Nacional,,La Fe,10511
Distrito Nacional,Nuevo Distrito Nacional,,La Fe,10512
Distrito Nacional,Nuevo Distrito Nacional,,La Fuente,10302
Distrito Nacional,Nuevo Distrito Nacional,,La Isabela,10503
Distrito Nacional,Nuevo Distrito Nacional,,La Julia,10109
Distrito Nacional,Nuevo Distrito Nacional,,La Meseta,10505
Distrito Nacional,Nuevo Distrito Nacional,,La Primavera,10207
Distrito Nacional,Nuevo Distrito Nacional,,La Puya,10507
Distrito Nacional,Nuevo Distrito Nacional,,La Yuca,10120
Distrito Nacional,Nuevo Distrito Nacional,,La Zurza,10408
Distrito Nacional,Nuevo Distrito Nacional,,Lanna Gautier,10516
Distrito Nacional,Nuevo Distrito Nacional,,Las Colinas,10608
Distrito Nacional,Nuevo Distrito Nacional,,Las Flores,10502
Distrito Nacional,Nuevo Distrito Nacional,,Las Villas,10603
Distrito Nacional,Nuevo Distrito Nacional,,Lomas de Arroyo Hondo,10507
Distrito Nacional,Nuevo Distrito Nacional,,Lopez de Vega,10125
Distrito Nacional,Nuevo Distrito Nacional,,Los Arrecifes,10118
Distrito Nacional,Nuevo Distrito Nacional,,Los Arroyos,10507
Distrito Nacional,Nuevo Distrito Nacional,,Los Caminos,10510
Distrito Nacional,Nuevo Distrito Nacional,,Los Guandules,10304
Distrito Nacional,Nuevo Distrito Nacional,,Los Guayabos,10607
Distrito Nacional,Nuevo Distrito Nacional,,Los Jardines del Norte,10602
Distrito Nacional,Nuevo Distrito Nacional,,Los Millones,10139
Distrito Nacional,Nuevo Distrito Nacional,,Los Millones,10140
Distrito Nacional,Nuevo Distrito Nacional,,Los Millones,10141
Distrito Nacional,Nuevo Distrito Nacional,,Los Millones,10142
Distrito Nacional,Nuevo Distrito Nacional,,Los Millones,10144
Distrito Nacional,Nuevo Distrito Nacional,,Los Pinos,10508
Distrito Nacional,Nuevo Distrito Nacional,,Los Pinos,10608
Distrito Nacional,Nuevo Distrito Nacional,,Los Praditos,10130
Distrito Nacional,Nuevo Distrito Nacional,,Los Prados,10131
Distrito Nacional,Nuevo Distrito Nacional,,Los Prados,10132
Distrito Nacional,Nuevo Distrito Nacional,,Los Proceres,10601
Distrito Nacional,Nuevo Distrito Nacional,,Los Restauradores,10137
Distrito Nacional,Nuevo Distrito Nacional,,Los Rios,10604
Distrito Nacional,Nuevo Distrito Nacional,,Los Robles,10106
Distrito Nacional,Nuevo Distrito Nacional,,Manganagua,10138
Distrito Nacional,Nuevo Distrito Nacional,,Manzano,10505
Distrito Nacional,Nuevo Distrito Nacional,,Maria Auxiliadora,10302
Distrito Nacional,Nuevo Distrito Nacional,,Maria Auxiliadora,10305
Distrito Nacional,Nuevo Distrito Nacional,,Mata Hambre,10102
Distrito Nacional,Nuevo Distrito Nacional,,Mejoramiento Social,10301
Distrito Nacional,Nuevo Distrito Nacional,,Mejoramiento Social,10306
Distrito Nacional,Nuevo Distrito Nacional,,Mirador Norte,10114
Distrito Nacional,Nuevo Distrito Nacional,,Miraflores,10203
Distrito Nacional,Nuevo Distrito Nacional,,Naco,10119
Distrito Nacional,Nuevo Distrito Nacional,,Naco,10122
Distrito Nacional,Nuevo Distrito Nacional,,Naco,10123
Distrito Nacional,Nuevo Distrito Nacional,,Naco,10124
Distrito Nacional,Nuevo Distrito Nacional,,Paraiso,10126
Distrito Nacional,Nuevo Distrito Nacional,,Parque Isabela,10503
Distrito Nacional,Nuevo Distrito Nacional,,Piantini,10127
Distrito Nacional,Nuevo Distrito Nacional,,Piantini,10148
Distrito Nacional,Nuevo Distrito Nacional,,Piantini,10150
Distrito Nacional,Nuevo Distrito Nacional,,Pista de Motocros La Yuca,10505
Distrito Nacional,Nuevo Distrito Nacional,,Pradera Hermosa,10608
Distrito Nacional,Nuevo Distrito Nacional,,Reparto Aguedita (gazcue),10218
Distrito Nacional,Nuevo Distrito Nacional,,Residencial La Yuca,10606
Distrito Nacional,Nuevo Distrito Nacional,,Residencial Rosmil,10136
Distrito Nacional,Nuevo Distrito Nacional,,Rocamar,10115
Distrito Nacional,Nuevo Distrito Nacional,,San Carlos,10216
Distrito Nacional,Nuevo Distrito Nacional,,San Carlos,10217
Distrito Nacional,Nuevo Distrito Nacional,,San Geronimo,10104
Distrito Nacional,Nuevo Distrito Nacional,,San Geronimo,10134
Distrito Nacional,Nuevo Distrito Nacional,,San Lazaro,10211
Distrito Nacional,Nuevo Distrito Nacional,,San Martin de Porres,10302
Distrito Nacional,Nuevo Distrito Nacional,,San Miguel,10212
Distrito Nacional,Nuevo Distrito Nacional,,Santa Rosa,10502
Distrito Nacional,Nuevo Distrito Nacional,,Sarasota,10113
Distrito Nacional,Nuevo Distrito Nacional,,Simon Bolivar,10405
Distrito Nacional,Nuevo Distrito Nacional,,Trueva,10501
Distrito Nacional,Nuevo Distrito Nacional,,Urbanización Fernandez,10129
Distrito Nacional,Nuevo Distrito Nacional,,Urbanización Las Praderas,10135
Distrito Nacional,Nuevo Distrito Nacional,,Urbanización Puerta de Hierro,10505
Distrito Nacional,Nuevo Distrito Nacional,,Viejo Arroyo Hondo,10510
Distrito Nacional,Nuevo Distrito Nacional,,Villa Claudia,10607
Distrito Nacional,Nuevo Distrito Nacional,,Villa Consuelo,10308
Distrito Nacional,Nuevo Distrito Nacional,,Villa Consuelo,10309
Distrito Nacional,Nuevo Distrito Nacional,,Villa Elena,10608
Distrito Nacional,Nuevo Distrito Nacional,,Villa Francisca,10214
Distrito Nacional,Nuevo Distrito Nacional,,Villa Francisca,10215
Distrito Nacional,Nuevo Distrito Nacional,,Villa Juana,10412
Distrito Nacional,Nuevo Distrito Nacional,,Villa Juana,10413
Distrito Nacional,Nuevo Distrito Nacional,,Villa Maria,10307
Distrito Nacional,Nuevo Distrito Nacional,,Villa Marina,10608
Distrito Nacional,Nuevo Distrito Nacional,,Villas Agricolas,10409
Distrito Nacional,Nuevo Distrito Nacional,,Villas Agricolas,10410
Distrito Nacional,Nuevo Distrito Nacional,,Yaquito,10502
Distrito Nacional,Nuevo Distrito Nacional,,Zona Colonial,10210
Distrito Nacional,Nuevo Distrito Nacional,,Zona Universitaria,10103
Distrito Nacional,Santo Domingo Este,,Alma Rosa II,11506
Distrito Nacional,Santo Domingo Este,,Alpes I,11509
Distrito Nacional,Santo Domingo Este,,Altos de Cancino,11519
Distrito Nacional,Santo Domingo Este,,Amarilis III,11804
Distrito Nacional,Santo Domingo Este,,Ana Virginia,11801
Distrito Nacional,Santo Domingo Este,,Arismar,11705
Distrito Nacional,Santo Domingo Este,,Barrio Brisa de Charles,11803
Distrito Nacional,Santo Domingo Este,,Barrio John F. Kennedy,11805
Distrito Nacional,Santo Domingo Este,,Barrio Paraiso,11809
Distrito Nacional,Santo Domingo Este,,Batey La Balsa,11808
Distrito Nacional,Santo Domingo Este,,Batey Piragua,11808
Distrito Nacional,Santo Domingo Este,,Bello Campo,11509
Distrito Nacional,Santo Domingo Este,,Brisa del Eden,11803
Distrito Nacional,Santo Domingo Este,,Buena Ventura II,11805
Distrito Nacional,Santo Domingo Este,,Cabirma del Este I,11513
Distrito Nacional,Santo Domingo Este,,Cabirma del Este II,11809
Distrito Nacional,Santo Domingo Este,,Calero,11601
Distrito Nacional,Santo Domingo Este,,Cancino,11516
Distrito Nacional,Santo Domingo Este,,Cancino Adentro,11517
Distrito Nacional,Santo Domingo Este,,Cancino I,11512
Distrito Nacional,Santo Domingo Este,,Cancino II,11512
Distrito Nacional,Santo Domingo Este,,Carolina,11510
Distrito Nacional,Santo Domingo Este,,Cerros del Ozama,11904
Distrito Nacional,Santo Domingo Este,,Ciudad de Los Trabajadores,11802
Distrito Nacional,Santo Domingo Este,,Ciudad del Almirante I,11806
Distrito Nacional,Santo Domingo Este,,Ciudad del Almirante II,11806
Distrito Nacional,Santo Domingo Este,,Colinas del Este,11517
Distrito Nacional,Santo Domingo Este,,Corales del Sur,11704
Distrito Nacional,Santo Domingo Este,,Duarte,11512
Distrito Nacional,Santo Domingo Este,,El Brisal,11510
Distrito Nacional,Santo Domingo Este,,El Cachon,11515
Distrito Nacional,Santo Domingo Este,,El Cachon de La Rubia,11517
Distrito Nacional,Santo Domingo Este,,El Rosal,11506
Distrito Nacional,Santo Domingo Este,,El Tamarindo,11809
Distrito Nacional,Santo Domingo Este,,Ensanche Alma Rosa (lado Este),11504
Distrito Nacional,Santo Domingo Este,,Ensanche Alma Rosa (lado Oeste),11503
Distrito Nacional,Santo Domingo Este,,Ensanche Ozama,11501
Distrito Nacional,Santo Domingo Este,,Eugenio María de Hostos,11802
Distrito Nacional,Santo Domingo Este,,Faro A Colon,11604
Distrito Nacional,Santo Domingo Este,,Felicidad,11902
Distrito Nacional,Santo Domingo Este,,Francisco Del,11904
Distrito Nacional,Santo Domingo Este,,Franconia,11508
Distrito Nacional,Santo Domingo Este,,Hainamosa,11807
Distrito Nacional,Santo Domingo Este,,Hamarap,11509
Distrito Nacional,Santo Domingo Este,,Invi Cea,11807
Distrito Nacional,Santo Domingo Este,,Invimosa,11807
Distrito Nacional,Santo Domingo Este,,Invivienda,11802
Distrito Nacional,Santo Domingo Este,,Isabel,11509
Distrito Nacional,Santo Domingo Este,,Issfapol,11801
Distrito Nacional,Santo Domingo Este,,Ivette,11506
Distrito Nacional,Santo Domingo Este,,Jardines de Alma Rosa,11503
Distrito Nacional,Santo Domingo Este,,Katanga,11903
Distrito Nacional,Santo Domingo Este,,La Esperanza,11508
Distrito Nacional,Santo Domingo Este,,La Francia,11602
Distrito Nacional,Santo Domingo Este,,La Milagrosa,11901
Distrito Nacional,Santo Domingo Este,,Las Americas,11606
Distrito Nacional,Santo Domingo Este,,Las Enfermeras,11906
Distrito Nacional,Santo Domingo Este,,Las Frutas,11904
Distrito Nacional,Santo Domingo Este,,Las Palmas,11511
Distrito Nacional,Santo Domingo Este,,Los 3 Brazos,11905
Distrito Nacional,Santo Domingo Este,,Los Frailes,11705
Distrito Nacional,Santo Domingo Este,,Los Frailes II,11706
Distrito Nacional,Santo Domingo Este,,Los Mina Norte,11903
Distrito Nacional,Santo Domingo Este,,Los Mina Sur,11901
Distrito Nacional,Santo Domingo Este,,Los Mina Viejo,11906
Distrito Nacional,Santo Domingo Este,,Los Molinos,11603
Distrito Nacional,Santo Domingo Este,,Los Molinos,11801
Distrito Nacional,Santo Domingo Este,,Los Pinos,11807
Distrito Nacional,Santo Domingo Este,,Los Restauradores,11805
Distrito Nacional,Santo Domingo Este,,Los Rosales,11809
Distrito Nacional,Santo Domingo Este,,Los Tres Ojos,11605
Distrito Nacional,Santo Domingo Este,,Los Trinitarios,11512
Distrito Nacional,Santo Domingo Este,,Los Trinitarios II,11801
Distrito Nacional,Santo Domingo Este,,Loteria,11508
Distrito Nacional,Santo Domingo Este,,Lotificacion del Este,11707
Distrito Nacional,Santo Domingo Este,,Lucerna,11516
Distrito Nacional,Santo Domingo Este,,Mandinga,11512
Distrito Nacional,Santo Domingo Este,,Maquiteria,11604
Distrito Nacional,Santo Domingo Este,,Marbella III,11705
Distrito Nacional,Santo Domingo Este,,Mendoza,11510
Distrito Nacional,Santo Domingo Este,,Mi Hogar,11510
Distrito Nacional,Santo Domingo Este,,Mi Sueño,11509
Distrito Nacional,Santo Domingo Este,,Mil Flores,11905
Distrito Nacional,Santo Domingo Este,,Mirador Este,11708
Distrito Nacional,Santo Domingo Este,,Molinuevo,11502
Distrito Nacional,Santo Domingo Este,,Narcisa,11512
Distrito Nacional,Santo Domingo Este,,Nuevo Amanecer,11804
Distrito Nacional,Santo Domingo Este,,Nuevo Renacer,11807
Distrito Nacional,Santo Domingo Este,,Paraiso Oriental,11508
Distrito Nacional,Santo Domingo Este,,Parque del Este I,11603
Distrito Nacional,Santo Domingo Este,,Parque Industrial Nueva Isabela,11807
Distrito Nacional,Santo Domingo Este,,Parque Mirador Este,11604
Distrito Nacional,Santo Domingo Este,,Pidoca,11901
Distrito Nacional,Santo Domingo Este,,Prados del Cachon,11515
Distrito Nacional,Santo Domingo Este,,Pueblo Nuevo,11601
Distrito Nacional,Santo Domingo Este,,Puerto Rico,11904
Distrito Nacional,Santo Domingo Este,,Ralma,11507
Distrito Nacional,Santo Domingo Este,,Reparto Alma Rosa,11511
Distrito Nacional,Santo Domingo Este,,Reparto Caribe,11706
Distrito Nacional,Santo Domingo Este,,Reparto Villa Carmen,11802
Distrito Nacional,Santo Domingo Este,,Residencial Amapola,11518
Distrito Nacional,Santo Domingo Este,,Residencial Clarimar,11803
Distrito Nacional,Santo Domingo Este,,Residencial del Este,11510
Distrito Nacional,Santo Domingo Este,,Residencial Don Oscar,11517
Distrito Nacional,Santo Domingo Este,,Residencial Don Oscar,11809
Distrito Nacional,Santo Domingo Este,,Residencial Fernandez Oriental,11804
Distrito Nacional,Santo Domingo Este,,Residencial Idalia A I,11514
Distrito Nacional,Santo Domingo Este,,Residencial Lomisa,11513
Distrito Nacional,Santo Domingo Este,,Residencial Mirador del Este,11804
Distrito Nacional,Santo Domingo Este,,Residencial Oriente,11509
Distrito Nacional,Santo Domingo Este,,Residencial Parque del Este,11604
Distrito Nacional,Santo Domingo Este,,Residencial Teresa,11704
Distrito Nacional,Santo Domingo Este,,Rosario Sanchez,11904
Distrito Nacional,Santo Domingo Este,,Sabaneta,11808
Distrito Nacional,Santo Domingo Este,,San Antonio,11902
Distrito Nacional,Santo Domingo Este,,San Bartolo,11706
Distrito Nacional,Santo Domingo Este,,San Jose de Mendoza,11803
Distrito Nacional,Santo Domingo Este,,San Pablo II,11518
Distrito Nacional,Santo Domingo Este,,San Souci,11603
Distrito Nacional,Santo Domingo Este,,Savica,11507
Distrito Nacional,Santo Domingo Este,,Simonico,11602
Distrito Nacional,Santo Domingo Este,,Sol Naciente,11509
Distrito Nacional,Santo Domingo Este,,Trabajadores,11802
Distrito Nacional,Santo Domingo Este,,Tropical del Este,11704
Distrito Nacional,Santo Domingo Este,,Urbanización Amanda,11508
Distrito Nacional,Santo Domingo Este,,Urbanización Ana Teresa Balaguer,11807
Distrito Nacional,Santo Domingo Este,,Urbanización Italia,11506
Distrito Nacional,Santo Domingo Este,,Vecinos Unidos,11508
Distrito Nacional,Santo Domingo Este,,Vietnan,11902
Distrito Nacional,Santo Domingo Este,,Villa Adela,11707
Distrito Nacional,Santo Domingo Este,,Villa Carmen,11802
Distrito Nacional,Santo Domingo Este,,Villa Duarte,11602
Distrito Nacional,Santo Domingo Este,,Villa Eloisa,11707
Distrito Nacional,Santo Domingo Este,,Villa Esfuerzo,11805
Distrito Nacional,Santo Domingo Este,,Villa Faro,11505
Distrito Nacional,Santo Domingo Este,,Villa Olimpica,11606
Distrito Nacional,Santo Domingo Este,,Vista Hermosa,11517
Distrito Nacional,Santo Domingo Este,,Zona Franca Industrial de Herrera,11806
Distrito Nacional,Santo Domingo Norte,,2 de Enero,11404
Distrito Nacional,Santo Domingo Norte,,Altos de Chavon,11402
Distrito Nacional,Santo Domingo Norte,,Altos de Sabana Perdida,11404
Distrito Nacional,Santo Domingo Norte,,Altos del Parque,11302
Distrito Nacional,Santo Domingo Norte,,Barrio Hermanas Mirabal,11302
Distrito Nacional,Santo Domingo Norte,,Barrio Norte,11301
Distrito Nacional,Santo Domingo Norte,,Barrio Nuevo,11203
Distrito Nacional,Santo Domingo Norte,,Barrio Nuevo,11302
Distrito Nacional,Santo Domingo Norte,,Barrio Nuevo,11402
Distrito Nacional,Santo Domingo Norte,,Campechito II,11207
Distrito Nacional,Santo Domingo Norte,,Carlos Alvarez,11202
Distrito Nacional,Santo Domingo Norte,,Cerros de Buena Vista I,11206
Distrito Nacional,Santo Domingo Norte,,Cerros de Buena Vista II,11206
Distrito Nacional,Santo Domingo Norte,,Cerros de La Yuca,11402
Distrito Nacional,Santo Domingo Norte,,Cerros de Sabana Perdida,11404
Distrito Nacional,Santo Domingo Norte,,Ceuta,11206
Distrito Nacional,Santo Domingo Norte,,Colinas del Ozama,11404
Distrito Nacional,Santo Domingo Norte,,Colonia de Los Doctores,11203
Distrito Nacional,Santo Domingo Norte,,Cruz Grande,11207
Distrito Nacional,Santo Domingo Norte,,De Villa Mella,11206
Distrito Nacional,Santo Domingo Norte,,El Eden,11207
Distrito Nacional,Santo Domingo Norte,,El Fundo,11204
Distrito Nacional,Santo Domingo Norte,,El Majagual,11401
Distrito Nacional,Santo Domingo Norte,,El Mamey,11201
Distrito Nacional,Santo Domingo Norte,,El Milloncito,11402
Distrito Nacional,Santo Domingo Norte,,El Torito,11205
Distrito Nacional,Santo Domingo Norte,,Enrriquillo,11405
Distrito Nacional,Santo Domingo Norte,,Ensanche Cristal,11404
Distrito Nacional,Santo Domingo Norte,,Ensanche Paraiso,11202
Distrito Nacional,Santo Domingo Norte,,Guaricanos,11301
Distrito Nacional,Santo Domingo Norte,,Haras Nacionales,11201
Distrito Nacional,Santo Domingo Norte,,Isabela,11205
Distrito Nacional,Santo Domingo Norte,,Jacagua,11302
Distrito Nacional,Santo Domingo Norte,,Jardines de Genovena,11201
Distrito Nacional,Santo Domingo Norte,,La Antena,11207
Distrito Nacional,Santo Domingo Norte,,La Barquita,11404
Distrito Nacional,Santo Domingo Norte,,La Javilla,11207
Distrito Nacional,Santo Domingo Norte,,La Mina,11402
Distrito Nacional,Santo Domingo Norte,,Las Palmeras,11302
Distrito Nacional,Santo Domingo Norte,,Libertad,11403
Distrito Nacional,Santo Domingo Norte,,Los Casabes,11302
Distrito Nacional,Santo Domingo Norte,,Los Conucos,11204
Distrito Nacional,Santo Domingo Norte,,Los Coordinadores,11405
Distrito Nacional,Santo Domingo Norte,,Los Palmares,11403
Distrito Nacional,Santo Domingo Norte,,Loteria,11405
Distrito Nacional,Santo Domingo Norte,,Lotes Y Servicios,11401
Distrito Nacional,Santo Domingo Norte,,Marañon,11201
Distrito Nacional,Santo Domingo Norte,,Marañon II,11202
Distrito Nacional,Santo Domingo Norte,,Maria Isabela,11203
Distrito Nacional,Santo Domingo Norte,,Mata Los Indios,11202
Distrito Nacional,Santo Domingo Norte,,Modelo,11301
Distrito Nacional,Santo Domingo Norte,,Nueva Isabela,11301
Distrito Nacional,Santo Domingo Norte,,Ponce,11302
Distrito Nacional,Santo Domingo Norte,,Progreso,11403
Distrito Nacional,Santo Domingo Norte,,Proyecto Bnv,11302
Distrito Nacional,Santo Domingo Norte,,Proyecto Ciudad,11301
Distrito Nacional,Santo Domingo Norte,,Radiante,11207
Distrito Nacional,Santo Domingo Norte,,Reparto Rudima,11207
Distrito Nacional,Santo Domingo Norte,,Reparto Villa Maria,11201
Distrito Nacional,Santo Domingo Norte,,Residencial El Dorado,11202
Distrito Nacional,Santo Domingo Norte,,Residencial Noelia,11402
Distrito Nacional,Santo Domingo Norte,,Residencial Sol de Luz,11205
Distrito Nacional,Santo Domingo Norte,,Sabana Centro,11404
Distrito Nacional,Santo Domingo Norte,,Sabana Perdida,11404
Distrito Nacional,Santo Domingo Norte,,Salome Ureña,11405
Distrito Nacional,Santo Domingo Norte,,Santa Cruz,11205
Distrito Nacional,Santo Domingo Norte,,Suriel,11204
Distrito Nacional,Santo Domingo Norte,,Urbanización Charles de Gaulle,11403
Distrito Nacional,Santo Domingo Norte,,Urbanización El Remanso,11202
Distrito Nacional,Santo Domingo Norte,,Urbanización Maximo Gomez,11205
Distrito Nacional,Santo Domingo Norte,,Urbanización Primavera,11203
Distrito Nacional,Santo Domingo Norte,,Urbanización Santa Cruz,11204
Distrito Nacional,Santo Domingo Norte,,Urbanización Sarah Gabriela,11201
Distrito Nacional,Santo Domingo Norte,,Valle Verde,11201
Distrito Nacional,Santo Domingo Norte,,Villa Blanca,11405
Distrito Nacional,Santo Domingo Norte,,Villa Carmela,11201
Distrito Nacional,Santo Domingo Norte,,Villa Esperanza,11402
Distrito Nacional,Santo Domingo Norte,,Villa Mella,11201
Distrito Nacional,Santo Domingo Norte,,Villa Nueva,11201
Distrito Nacional,Santo Domingo Norte,,Villa Satelite,11201
Distrito Nacional,Santo Domingo Norte,,Vista Bella,11201
Distrito Nacional,Santo Domingo Norte,,Zona Industrial de La Isabela,11205
Distrito Nacional,Santo Domingo Norte,,Zona Industrial de Villa Mella,11206
Distrito Nacional,Santo Domingo Oeste,,12 de Haina,11116
Distrito Nacional,Santo Domingo Oeste,,16 de Agosto,11101
Distrito Nacional,Santo Domingo Oeste,,24 de Abril,10803
Distrito Nacional,Santo Domingo Oeste,,Aesa,11101
Distrito Nacional,Santo Domingo Oeste,,Alameda,10902
Distrito Nacional,Santo Domingo Oeste,,Altos del Oeste,10804
Distrito Nacional,Santo Domingo Oeste,,Atlantida,11101
Distrito Nacional,Santo Domingo Oeste,,Barrio Antillano,10902
Distrito Nacional,Santo Domingo Oeste,,Barrio Arenoso,10805
Distrito Nacional,Santo Domingo Oeste,,Barrio Buenos Aires,11003
Distrito Nacional,Santo Domingo Oeste,,Barrio Chavon,10801
Distrito Nacional,Santo Domingo Oeste,,Barrio Enriquillo,11002
Distrito Nacional,Santo Domingo Oeste,,Barrio Gran Poder de Dios,10802
Distrito Nacional,Santo Domingo Oeste,,Barrio Holguin,11002
Distrito Nacional,Santo Domingo Oeste,,Barrio Invi,11101
Distrito Nacional,Santo Domingo Oeste,,Barrio Josue,11005
Distrito Nacional,Santo Domingo Oeste,,Barrio La Esperanza,10801
Distrito Nacional,Santo Domingo Oeste,,Barrio La Fe,10801
Distrito Nacional,Santo Domingo Oeste,,Barrio La Piña,10802
Distrito Nacional,Santo Domingo Oeste,,Barrio La Torre,10801
Distrito Nacional,Santo Domingo Oeste,,Barrio La Union,10801
Distrito Nacional,Santo Domingo Oeste,,Barrio Landia,10802
Distrito Nacional,Santo Domingo Oeste,,Barrio Las Mercedes,10803
Distrito Nacional,Santo Domingo Oeste,,Barrio Libertador,11005
Distrito Nacional,Santo Domingo Oeste,,Barrio Paraiso,10802
Distrito Nacional,Santo Domingo Oeste,,Barrio Paraiso,11115
Distrito Nacional,Santo Domingo Oeste,,Barrio Progreso,10805
Distrito Nacional,Santo Domingo Oeste,,Batey Bienvenido,10902
Distrito Nacional,Santo Domingo Oeste,,Batey Palmarejo,10701
Distrito Nacional,Santo Domingo Oeste,,Bayona,10903
Distrito Nacional,Santo Domingo Oeste,,Bella Colina,10902
Distrito Nacional,Santo Domingo Oeste,,Buenas Noches,10902
Distrito Nacional,Santo Domingo Oeste,,Buenos Aires Del,11102
Distrito Nacional,Santo Domingo Oeste,,Cerros de Palmarejo,10805
Distrito Nacional,Santo Domingo Oeste,,Ciudad Agraria,10905
Distrito Nacional,Santo Domingo Oeste,,Ciudad Codiana,10805
Distrito Nacional,Santo Domingo Oeste,,Colinas de Canaan,11115
Distrito Nacional,Santo Domingo Oeste,,Colinas del Norte,10701
Distrito Nacional,Santo Domingo Oeste,,Costa Azul,11117
Distrito Nacional,Santo Domingo Oeste,,Costa Caribe,11102
Distrito Nacional,Santo Domingo Oeste,,Costa Verde,11117
Distrito Nacional,Santo Domingo Oeste,,Dominicanos Ausentes,11105
Distrito Nacional,Santo Domingo Oeste,,Duarte,11003
Distrito Nacional,Santo Domingo Oeste,,El Abanico de Herrera,10904
Distrito Nacional,Santo Domingo Oeste,,El Café,11115
Distrito Nacional,Santo Domingo Oeste,,El Caliche,10901
Distrito Nacional,Santo Domingo Oeste,,El Catorce,10804
Distrito Nacional,Santo Domingo Oeste,,El Chucho,10803
Distrito Nacional,Santo Domingo Oeste,,El Palmar,10904
Distrito Nacional,Santo Domingo Oeste,,El Pedregal,11107
Distrito Nacional,Santo Domingo Oeste,,El Tamarindo,10801
Distrito Nacional,Santo Domingo Oeste,,Engome,10904
Distrito Nacional,Santo Domingo Oeste,,Ensanche Altagracia,11114
Distrito Nacional,Santo Domingo Oeste,,Ensanche Ivan Guzman Klan,10904
Distrito Nacional,Santo Domingo Oeste,,Ensanche Paraiso,11005
Distrito Nacional,Santo Domingo Oeste,,Gacela,11102
Distrito Nacional,Santo Domingo Oeste,,Galaxia,11004
Distrito Nacional,Santo Domingo Oeste,,Hato Nuevo,10902
Distrito Nacional,Santo Domingo Oeste,,Herrera,11005
Distrito Nacional,Santo Domingo Oeste,,Invi,10801
Distrito Nacional,Santo Domingo Oeste,,Jardines del Sur,11105
Distrito Nacional,Santo Domingo Oeste,,Juan Pablo Duarte,11003
Distrito Nacional,Santo Domingo Oeste,,Km. 7,11105
Distrito Nacional,Santo Domingo Oeste,,Km. 8,11103
Distrito Nacional,Santo Domingo Oeste,,La Cienaga,10804
Distrito Nacional,Santo Domingo Oeste,,La Compuerta,10802
Distrito Nacional,Santo Domingo Oeste,,La Concordia,10804
Distrito Nacional,Santo Domingo Oeste,,La Isabela,10701
Distrito Nacional,Santo Domingo Oeste,,La Piñita,10802
Distrito Nacional,Santo Domingo Oeste,,La Placeta,11117
Distrito Nacional,Santo Domingo Oeste,,La Redencion,10701
Distrito Nacional,Santo Domingo Oeste,,La Rosa,11004
Distrito Nacional,Santo Domingo Oeste,,La Venta,10902
Distrito Nacional,Santo Domingo Oeste,,Las Acacias,11104
Distrito Nacional,Santo Domingo Oeste,,Las Caobas,10905
Distrito Nacional,Santo Domingo Oeste,,Las Caobitas,10905
Distrito Nacional,Santo Domingo Oeste,,Las Crorias,10805
Distrito Nacional,Santo Domingo Oeste,,Las Palmas,11003
Distrito Nacional,Santo Domingo Oeste,,Lebron,10801
Distrito Nacional,Santo Domingo Oeste,,Los Alcarrizos,10801
Distrito Nacional,Santo Domingo Oeste,,Los Alcarrizos III,10802
Distrito Nacional,Santo Domingo Oeste,,Los Americanos,10802
Distrito Nacional,Santo Domingo Oeste,,Los Angeles,10702
Distrito Nacional,Santo Domingo Oeste,,Los Cacicazgos,11108
Distrito Nacional,Santo Domingo Oeste,,Los Girasoles,10702
Distrito Nacional,Santo Domingo Oeste,,Los Libertadores,10802
Distrito Nacional,Santo Domingo Oeste,,Los Maestros,11110
Distrito Nacional,Santo Domingo Oeste,,Los Peralejos,10702
Distrito Nacional,Santo Domingo Oeste,,Loteria,11106
Distrito Nacional,Santo Domingo Oeste,,Lotificacion Engombe,10904
Distrito Nacional,Santo Domingo Oeste,,Lotificacion Vista Verde,10701
Distrito Nacional,Santo Domingo Oeste,,Luz Consuelo,11107
Distrito Nacional,Santo Domingo Oeste,,Luz Divina,11004
Distrito Nacional,Santo Domingo Oeste,,Manoguayabo,10902
Distrito Nacional,Santo Domingo Oeste,,Manresa,11117
Distrito Nacional,Santo Domingo Oeste,,Mar Azul,11104
Distrito Nacional,Santo Domingo Oeste,,Mirador,11102
Distrito Nacional,Santo Domingo Oeste,,Mirador Sur,11109
Distrito Nacional,Santo Domingo Oeste,,Miramar,11103
Distrito Nacional,Santo Domingo Oeste,,Nordesa III,11103
Distrito Nacional,Santo Domingo Oeste,,Nuevo Amanecer,10805
Distrito Nacional,Santo Domingo Oeste,,Nuevo Horizonte,10805
Distrito Nacional,Santo Domingo Oeste,,Obras Publicas,10801
Distrito Nacional,Santo Domingo Oeste,,Palma Real,10702
Distrito Nacional,Santo Domingo Oeste,,Palmarejito,10805
Distrito Nacional,Santo Domingo Oeste,,Pantoja,10701
Distrito Nacional,Santo Domingo Oeste,,Paraiso del Caribe,10903
Distrito Nacional,Santo Domingo Oeste,,Pueblo Nuevo,10805
Distrito Nacional,Santo Domingo Oeste,,Puerto de Haina,11117
Distrito Nacional,Santo Domingo Oeste,,Puerto Rico,10805
Distrito Nacional,Santo Domingo Oeste,,Renacimiento,11111
Distrito Nacional,Santo Domingo Oeste,,Renacimiento,11112
Distrito Nacional,Santo Domingo Oeste,,Reparto Miguelina,10702
Distrito Nacional,Santo Domingo Oeste,,Reparto Samaria,10702
Distrito Nacional,Santo Domingo Oeste,,Residencial Alameda,10902
Distrito Nacional,Santo Domingo Oeste,,Residencial Almendra,10902
Distrito Nacional,Santo Domingo Oeste,,Residencial Canaan,11116
Distrito Nacional,Santo Domingo Oeste,,Residencial Enriquillo,11106
Distrito Nacional,Santo Domingo Oeste,,Residencial Jose Contreras,11102
Distrito Nacional,Santo Domingo Oeste,,Residencial Loyola,10904
Distrito Nacional,Santo Domingo Oeste,,Residencial Santo Domingo,11114
Distrito Nacional,Santo Domingo Oeste,,Rivera del Haina,10903
Distrito Nacional,Santo Domingo Oeste,,Rosa Maria,10904
Distrito Nacional,Santo Domingo Oeste,,San Francisco,11004
Distrito Nacional,Santo Domingo Oeste,,San Jose,11105
Distrito Nacional,Santo Domingo Oeste,,San Miguel,10902
Distrito Nacional,Santo Domingo Oeste,,San Miguel,11106
Distrito Nacional,Santo Domingo Oeste,,Sandra,11107
Distrito Nacional,Santo Domingo Oeste,,Sandra I,11107
Distrito Nacional,Santo Domingo Oeste,,Savica,10803
Distrito Nacional,Santo Domingo Oeste,,Tropicana,11105
Distrito Nacional,Santo Domingo Oeste,,Urbanización Brisa del Norte,10702
Distrito Nacional,Santo Domingo Oeste,,Urbanización El Rosal,11004
Distrito Nacional,Santo Domingo Oeste,,Urbanización Las Mercedes,10803
Distrito Nacional,Santo Domingo Oeste,,Urbanización Las Palmas,10901
Distrito Nacional,Santo Domingo Oeste,,Urbanización Olimpo,10901
Distrito Nacional,Santo Domingo Oeste,,Urbanización Palma Real,10702
Distrito Nacional,Santo Domingo Oeste,,Urbanización Real,11112
Distrito Nacional,Santo Domingo Oeste,,Urbanización San Rafael,10805
Distrito Nacional,Santo Domingo Oeste,,Valle Encantado,10802
Distrito Nacional,Santo Domingo Oeste,,Varia,10803
Distrito Nacional,Santo Domingo Oeste,,Villa Aura,10901
Distrito Nacional,Santo Domingo Oeste,,Villa Nazaret,10903
Distrito Nacional,Santo Domingo Oeste,,Villa Peravia,10902
Distrito Nacional,Santo Domingo Oeste,,Villa San Felipe,10802
Distrito Nacional,Santo Domingo Oeste,,Villas del Café,11116
Distrito Nacional,Santo Domingo Oeste,,Villas Naco,10804
Distrito Nacional,Santo Domingo Oeste,,Zona Franca de Los Alcarrizos,10802
Distrito Nacional,Santo Domingo Oeste,,Zona Industrial de Herrera,11001
Distrito Nacional,Santo Domingo Oeste,,Zona Industrial de Herrera,11113
Enriquillo,Bahoruco,Galván,El Salado,82000
Enriquillo,Bahoruco,Galván,Galván,82000
Enriquillo,Bahoruco,Los Ríos,Las Clavellinas,82000
Enriquillo,Bahoruco,Los Ríos,Los Ríos,82000
Enriquillo,Bahoruco,Neiba,El Palmar,82000
Enriquillo,Bahoruco,Neiba,Neiba,82000
Enriquillo,Bahoruco,Tamayo,Cabeza de Toro,82000
Enriquillo,Bahoruco,Tamayo,Mena,82000
Enriquillo,Bahoruco,Tamayo,Monserrat,82000
Enriquillo,Bahoruco,Tamayo,Santa Bárbara,82000
Enriquillo,Bahoruco,Tamayo,Santana,82000
Enriquillo,Bahoruco,Tamayo,Tamayo,82000
Enriquillo,Bahoruco,Tamayo,Uvilla,82000
Enriquillo,Bahoruco,Villa Jaragua,Villa Jaragua,82000
Enriquillo,Barahona,Barahona,Barahona,81000
Enriquillo,Barahona,Barahona,El Cachón,81000
Enriquillo,Barahona,Barahona,La Guázara,81000
Enriquillo,Barahona,Barahona,Villa Central,81000
Enriquillo,Barahona,Cabral,Cabral,81000
Enriquillo,Barahona,El Peñón,El Peñón,81000
Enriquillo,Barahona,Enriquillo,Arroyo Dulce,81000
Enriquillo,Barahona,Enriquillo,Enriquillo,81000
Enriquillo,Barahona,Fundación,Fundación,81000
Enriquillo,Barahona,Fundación,Pescadería,81000
Enriquillo,Barahona,Jaquimeyes,Jaquimeyes,81000
Enriquillo,Barahona,Jaquimeyes,Palo Alto,81000
Enriquillo,Barahona,La Ciénaga,Bahoruco,81000
Enriquillo,Barahona,La Ciénaga,La Ciénaga,81000
Enriquillo,Barahona,Las Salinas,Las Salinas,81000
Enriquillo,Barahona,Paraíso,Los Patos,81000
Enriquillo,Barahona,Paraíso,Paraíso,81000
Enriquillo,Barahona,Polo,Polo,81000
Enriquillo,Barahona,Vicente Noble,Canoa,81000
Enriquillo,Barahona,Vicente Noble,Fondo Negro,81000
Enriquillo,Barahona,Vicente Noble,Quita Coraza,81000
Enriquillo,Barahona,Vicente Noble,Vicente Noble,81000
Enriquillo,Independencia,Cristóbal,Batey 8,83000
Enriquillo,Independencia,Cristóbal,Cristóbal,83000
Enriquillo,Independencia,Duvergé,Duvergé,83000
Enriquillo,Independencia,Duvergé,Vengan a Ver,83000
Enriquillo,Independencia,Jimaní,Boca de Cachón,83000
Enriquillo,Independencia,Jimaní,El Limón,83000
Enriquillo,Independencia,Jimaní,Jimaní,83000
Enriquillo,Independencia,La Descubierta,La Descubierta,83000
Enriquillo,Independencia,Mella,La Colonia,83000
Enriquillo,Independencia,Mella,Mella,83000
Enriquillo,Independencia,Postrer Río,Guayabal,83000
Enriquillo,Independencia,Postrer Río,Postrer Río,83000
Enriquillo,Pedernales,Oviedo,Juancho,84000
Enriquillo,Pedernales,Oviedo,Oviedo,84000
Enriquillo,Pedernales,Pedernales,José Francisco Peña Gómez,84000
Enriquillo,Pedernales,Pedernales,Pedernales,84000
Este,El Seibo,El Seibo,El Seibo,24000
Este,El Seibo,El Seibo,Pedro Sánchez,24000
Este,El Seibo,El Seibo,San Francisco-Vicentillo,24000
Este,El Seibo,El Seibo,Santa Lucía,24000
Este,El Seibo,Miches,El Cedro,24000
Este,El Seibo,Miches,La Gina,24000
Este,El Seibo,Miches,Miches,24000
Este,Hato Mayor,El Valle,El Valle,25000
Este,Hato Mayor,Hato Mayor,Guayabo Dulce,25000
Este,Hato Mayor,Hato Mayor,Hato Mayor,25000
Este,Hato Mayor,Hato Mayor,Mata Palacio,25000
Este,Hato Mayor,Hato Mayor,Yerba Buena,25000
Este,Hato Mayor,Sabana de La Mar,Elupina Cordero de Las Cañitas,25000
Este,Hato Mayor,Sabana de La Mar,Sabana de La Mar,25000
Este,La Altagracia,San Rafael del Yuma,Bayahíbe,23000
Este,La Altagracia,San Rafael del Yuma,Boca de Yuma,23000
Este,La Altagracia,San Rafael del Yuma,San Rafael del Yuma,23000
Este,La Romana,Guaymate,Guaymate,22000
Este,La Romana,La Romana,Caleta,22000
Este,La Romana,La Romana,La Romana,22000
Este,La Romana,Villa Hermosa,Cumayasa,22000
Este,La Romana,Villa Hermosa,Villa Hermosa,22000
Este,San Pedro de Macorís,Consuelo,Consuelo,21000
Este,San Pedro de Macorís,Guayacanes,Guayacanes,21000
Este,San Pedro de Macorís,Los Llanos,El Puerto,21000
Este,San Pedro de Macorís,Los Llanos,Gautier,21000
Este,San Pedro de Macorís,Los Llanos,Los Llanos,21000
Este,San Pedro de Macorís,Quisqueya,Quisqueya,21000
Este,San Pedro de Macorís,Ramón Santana,Ramón Santana,21000
Este,San Pedro de Macorís,San Pedro de Macorís,San Pedro de Macorís,21000
Norcentral,Espaillat,Cayetano Germosèn,Cayetano Germosèn,56000
Norcentral,Espaillat,Gaspar Hernández,Gaspar Hernández,56000
Norcentral,Espaillat,Gaspar Hernández,Joba Arriba,56000
Norcentral,Espaillat,Gaspar Hernández,Veragua,56000
Norcentral,Espaillat,Gaspar Hernández,Villa Magante,56000
Norcentral,Espaillat,Jamao al Norte,Jamao al Norte,56000
Norcentral,Espaillat,Moca,Canca La Reyna,56000
Norcentral,Espaillat,Moca,El Higüerito,56000
Norcentral,Espaillat,Moca,José Contreras,56000
Norcentral,Espaillat,Moca,Juan López,56000
Norcentral,Espaillat,Moca,La Ortega,56000
Norcentral,Espaillat,Moca,Las Lagunas,56000
Norcentral,Espaillat,Moca,Moca,56000
Norcentral,Espaillat,Moca,Monte de la Jagua,56000
Norcentral,Espaillat,Moca,San Víctor,56000
Norcentral,Puerto Plata,Altamira,Altamira,57000
Norcentral,Puerto Plata,Altamira,Río Grande,57000
Norcentral,Puerto Plata,Guananico,Guananico,57000
Norcentral,Puerto Plata,Imbert,Imbert,57000
Norcentral,Puerto Plata,Los Hidalgos,Los Hidalgos,57000
Norcentral,Puerto Plata,Los Hidalgos,Navas,57000
Norcentral,Puerto Plata,Luperón,Belloso,57000
Norcentral,Puerto Plata,Luperón,El Estrecho de Luperón Omar Bross,57000
Norcentral,Puerto Plata,Luperón,La Isabela,57000
Norcentral,Puerto Plata,Luperón,Luperón,57000
Norcentral,Puerto Plata,Puerto Plata,Maimón,57000
Norcentral,Puerto Plata,Puerto Plata,Puerto Plata,57000
Norcentral,Puerto Plata,Puerto Plata,Yásica Arriba,57000
Norcentral,Puerto Plata,Sosúa,Cabarete,57000
Norcentral,Puerto Plata,Sosúa,Sabaneta de Yásica,57000
Norcentral,Puerto Plata,Sosúa,Sosúa,57000
Norcentral,Puerto Plata,Villa Isabela,Estero Hondo,57000
Norcentral,Puerto Plata,Villa Isabela,Gualete,57000
Norcentral,Puerto Plata,Villa Isabela,La Jaiba,57000
Norcentral,Puerto Plata,Villa Isabela,Villa Isabela,57000
Norcentral,Puerto Plata,Villa Montellano,Villa Montellano,57000
Norcentral,Santiago,Jánico,El Caimito,51000
Norcentral,Santiago,Jánico,Juncalito,51000
Norcentral,Santiago,Jánico,Jánico,51000
Norcentral,Santiago,Licey al Medio,Las Palomas,51000
Norcentral,Santiago,Licey al Medio,Licey al Medio,51000
Norcentral,Santiago,Puñal,Canabacoa,51000
Norcentral,Santiago,Puñal,Guayabal,51000
Norcentral,Santiago,Puñal,Puñal,51000
Norcentral,Santiago,San José de Las Matas,El Rubio,51000
Norcentral,Santiago,San José de Las Matas,La Cuesta,51000
Norcentral,Santiago,San José de Las Matas,Las Placetas,51000
Norcentral,Santiago,San José de Las Matas,San José de Las Matas,51000
Norcentral,Santiago,Santiago,Baitoa,51000
Norcentral,Santiago,Santiago,Hato del Yaque,51000
Norcentral,Santiago,Santiago,La Canela,51000
Norcentral,Santiago,Santiago,Pedro García,51000
Norcentral,Santiago,Santiago,Sabana Iglesia,51000
Norcentral,Santiago,Santiago,San Francisco de Jacagua,51000
Norcentral,Santiago,Santiago,Santiago,51000
Norcentral,Santiago,Tamboril,Canca La Piedra,51000
Norcentral,Santiago,Tamboril,Tamboril,51000
Norcentral,Santiago,Villa González,El Limón,51000
Norcentral,Santiago,Villa González,Palmar Arriba,51000
Norcentral,Santiago,Villa González,Villa González,51000
Noroeste,Dajabón,Dajabón,Cañongo,63000
Noroeste,Dajabón,Dajabón,Dajabón,63000
Noroeste,Dajabón,El Pino,El Pino,63000
Noroeste,Dajabón,El Pino,Manuel Bueno,63000
Noroeste,Dajabón,Loma de Cabrera,Capotillo,63000
Noroeste,Dajabón,Loma de Cabrera,Loma de Cabrera,63000
Noroeste,Dajabón,Loma de Cabrera,Santiago de La Cruz,63000
Noroeste,Dajabón,Partido,Partido,63000
Noroeste,Dajabón,Restauración,Restauración,63000
Noroeste,Monte Cristi,Castañuelas,Castañuelas,62000
Noroeste,Monte Cristi,Castañuelas,Palo Verde,62000
Noroeste,Monte Cristi,Guayubín,Cana Chapetón,62000
Noroeste,Monte Cristi,Guayubín,Guayubín,62000
Noroeste,Monte Cristi,Guayubín,Hatillo Palma,62000
Noroeste,Monte Cristi,Guayubín,Villa Elisa,62000
Noroeste,Monte Cristi,Las Matas de Santa Cruz,Las Matas de Santa Cruz,62000
Noroeste,Monte Cristi,Monte Cristi,Monte Cristi,62000
Noroeste,Monte Cristi,Pepillo Salcedo,Pepillo Salcedo (Manzanillo),62000
Noroeste,Monte Cristi,Villa Vázquez,Villa Vázquez,62000
Noroeste,Santiago Rodríguez,Monción,Monción,64000
Noroeste,Santiago Rodríguez,San Ignacio de Sabaneta,San Ignacio de Sabaneta,64000
Noroeste,Santiago Rodríguez,Villa Los Almácigos,Villa Los Almácigos,64000
Noroeste,Valverde,Esperanza,Boca de Mao,61000
Noroeste,Valverde,Esperanza,Esperanza,61000
Noroeste,Valverde,Esperanza,Jicomé,61000
Noroeste,Valverde,Esperanza,Maizal,61000
Noroeste,Valverde,Esperanza,Paradero,61000
Noroeste,Valverde,Laguna Salada,Cruce de Guayacanes,61000
Noroeste,Valverde,Laguna Salada,Jaibón,61000
Noroeste,Valverde,Laguna Salada,La Caya,61000
Noroeste,Valverde,Laguna Salada,Laguna Salada,61000
Noroeste,Valverde,Mao,Amina,61000
Noroeste,Valverde,Mao,Guatapanal,61000
Noroeste,Valverde,Mao,Jaibón (Pueblo Nuevo),61000
Noroeste,Valverde,Mao,Mao,61000
Norte,Duarte,Arenoso,Arenoso,31000
Norte,Duarte,Arenoso,El Aguacate,31000
Norte,Duarte,Arenoso,Las Coles,31000
Norte,Duarte,Castillo,Castillo,31000
Norte,Duarte,Eugenio María de Hostos,Eugenio María de Hostos,31000
Norte,Duarte,Eugenio María de Hostos,Sabana Grande,31000
Norte,Duarte,Las Guáranas,Las Guáranas,31000
Norte,Duarte,Pimentel,Pimentel,31000
Norte,Duarte,San Francisco de Macorís,Cenoví,31000
Norte,Duarte,San Francisco de Macorís,Jaya,31000
Norte,Duarte,San Francisco de Macorís,La Peña,31000
Norte,Duarte,San Francisco de Macorís,Pres. Don Antonio Guzmán Fernández,31000
Norte,Duarte,San Francisco de Macorís,San Francisco de Macorís,31000
Norte,Duarte,Villa Riva,Agua Santa del Yuna,31000
Norte,Duarte,Villa Riva,Barraquito,31000
Norte,Duarte,Villa Riva,Cristo Rey de Guaraguao,31000
Norte,Duarte,Villa Riva,Las Taranas,31000
Norte,Duarte,Villa Riva,Villa Riva,31000
Norte,Hermanas Mirabal,Salcedo,Jamao Afuera,34000
Norte,Hermanas Mirabal,Salcedo,Salcedo,34000
Norte,Hermanas Mirabal,Tenares,Blanco,34000
Norte,Hermanas Mirabal,Tenares,Tenares,34000
Norte,Hermanas Mirabal,Villa Tapia,Villa Tapia,34000
Norte,María Trinidad Sánchez,Cabrera,Arroyo Salado,33000
Norte,María Trinidad Sánchez,Cabrera,Cabrera,33000
Norte,María Trinidad Sánchez,Cabrera,La Entrada,33000
Norte,María Trinidad Sánchez,El Factor,El Factor,33000
Norte,María Trinidad Sánchez,El Factor,El Pozo,33000
Norte,María Trinidad Sánchez,Nagua,Arroyo al Medio,33000
Norte,María Trinidad Sánchez,Nagua,Las Gordas,33000
Norte,María Trinidad Sánchez,Nagua,Nagua,33000
Norte,María Trinidad Sánchez,Nagua,San José de Matanzas,33000
Norte,María Trinidad Sánchez,Río San Juan,Río San Juan,33000
Norte,Samaná,Las Terrenas,Las Terrenas,32000
Norte,Samaná,Samaná,Arroyo Barril,32000
Norte,Samaná,Samaná,El Limón,32000
Norte,Samaná,Samaná,Las Galeras,32000
Norte,Samaná,Samaná,Samaná,32000
Norte,Samaná,Sánchez,Sánchez,32000
Valdesia,Monte Plata,Bayaguana,Bayaguana,92000
Valdesia,Monte Plata,Monte Plata,Boyá,92000
Valdesia,Monte Plata,Monte Plata,Chirino,92000
Valdesia,Monte Plata,Monte Plata,Don Juan,92000
Valdesia,Monte Plata,Monte Plata,Monte Plata,92000
Valdesia,Monte Plata,Peralvillo,Peralvillo,92000
Valdesia,Monte Plata,Sabana Grande de Boyá,Gonzalo,92000
Valdesia,Monte Plata,Sabana Grande de Boyá,Majagual,92000
Valdesia,Monte Plata,Sabana Grande de Boyá,Sabana Grande de Boyá,92000
Valdesia,Monte Plata,Yamasá,Los Botados,92000
Valdesia,Monte Plata,Yamasá,Yamasá,92000
Valdesia,Peravia,Baní,Baní,94000
Valdesia,Peravia,Baní,Catalina,94000
Valdesia,Peravia,Baní,El Carretón,94000
Valdesia,Peravia,Baní,El Limónal,94000
Valdesia,Peravia,Baní,Las Barías,94000
Valdesia,Peravia,Baní,Matanzas,94000
Valdesia,Peravia,Baní,Paya,94000
Valdesia,Peravia,Baní,Sabana Buey,94000
Valdesia,Peravia,Baní,Villa Fundación,94000
Valdesia,Peravia,Baní,Villa Sombrero,94000
Valdesia,Peravia,Nizao,Nizao,94000
Valdesia,Peravia,Nizao,Pizarrete,94000
Valdesia,Peravia,Nizao,Santana,94000
Valdesia,San Cristóbal,Bajos de Haina,Bajos de Haina,91000
Valdesia,San Cristóbal,Bajos de Haina,El Carril,91000
Valdesia,San Cristóbal,Cambita Garabitos,Cambita Garabitos,91000
Valdesia,San Cristóbal,Cambita Garabitos,El Pueblecito,91000
Valdesia,San Cristóbal,Los Cacaos,Los Cacaos,91000
Valdesia,San Cristóbal,Sabana Grande de Palenque,Sabana Grande de Palenque,91000
Valdesia,San Cristóbal,San Cristóbal,Hato Damas,91000
Valdesia,San Cristóbal,San Cristóbal,San Cristóbal,91000
Valdesia,San Cristóbal,San Gregorio de Nigua,San Gregorio de Nigua,91000
Valdesia,San Cristóbal,Villa Altagracia,La Cuchilla,91000
Valdesia,San Cristóbal,Villa Altagracia,Medina,91000
Valdesia,San Cristóbal,Villa Altagracia,San José del Puerto,91000
Valdesia,San Cristóbal,Villa Altagracia,Villa Altagracia,91000
Valdesia,San Cristóbal,Yaguate,Yaguate,91000
Valdesia,San José de Ocoa,Sabana Larga,Sabana Larga,93000
Valdesia,San José de Ocoa,San José de Ocoa,El Naranjal,93000
Valdesia,San José de Ocoa,San José de Ocoa,El Pinar,93000
Valdesia,San José de Ocoa,San José de Ocoa,La Ciénaga,93000
Valdesia,San José de Ocoa,San José de Ocoa,Nizao - Las Auyamas,93000
Valdesia,San José de Ocoa,San José de Ocoa,San José de Ocoa,93000
